Model,Accuracy,Precision,Recall,F1-Score
Logistic Regression,0.859,0.5847457627118644,0.22847682119205298,0.32857142857142857
Random Forest,0.857,0.5740740740740741,0.2052980132450331,0.3024390243902439
XGBoost,0.847,0.487012987012987,0.24834437086092714,0.32894736842105265
