feature,importance
RiskScore,0.2671528887022314
CustomValueEstimate,0.21066826126305416
AnnualIncome,0.13695561175074217
Age,0.08476421076297858
ZipCode,0.0761065638040692
PastClaims,0.04027315755446713
VehicleModel,0.0368956692426049
Deductible,0.030720860061952057
CoverType,0.026748898979251364
Province,0.023566058307063518
AutoMake,0.022313642470970278
NCD,0.019365669550869106
Gender,0.01759535335429612
VehicleType,0.006873154195449981
