Model,RMSE,R2
Linear Regression,5262.687571897056,0.21694736419480598
Random Forest,5330.682007481131,0.19658241754843153
XGBoost,5864.884237683189,0.02748867352649642
